[
{
  "fields": {
    "icon": "icon-neuroscience",
    "color": "#84af49",
    "name": "Neuroscience"
  },
  "pk": 1,
  "model": "challenges.theme"
},
{
  "fields": {
    "icon": "icon-ocean",
    "color": "#84af49",
    "name": "Ocean"
  },
  "pk": 2,
  "model": "challenges.theme"
},
{
  "fields": {
    "icon": "icon-robotics",
    "color": "#84af49",
    "name": "Robotics"
  },
  "pk": 3,
  "model": "challenges.theme"
},
{
  "fields": {
    "text": "What is your favorite color?"
  },
  "pk": 1,
  "model": "challenges.question"
},
{
  "fields": {
    "build_subheader": "Build the thing.",
    "themes": [
      1,
      2
    ],
    "order": null,
    "image": 19,
    "mentor_guide": "",
    "reflect_subheader": "Reflect on the thing.",
    "materials_list": "<ol>\r\n<li>rubber bands</li>\r\n<li>paperclips</li>\r\n<li>scissors</li>\r\n<li>a healthy sense of adventure</li>\r\n</ol>",
    "draft": false,
    "difficulty_level": 1,
    "video": 1,
    "learn_more": "Learn <strong>more</strong> about challenge 1! sure",
    "plan_subheader": "Plan the thing.",
    "free": false,
    "description": "Build a stomp rocket that can carry a ping pong ball and hit a target.",
    "build_call_to_action": "Build it!",
    "landing_image": 18,
    "name": "Build a Rocket Inspired by SLS",
    "plan_call_to_action": "Plan it!",
    "how_to_make_it": "<p>This is how to make challenge 1.</p>\r\n<ul>\r\n  <li>one</li>\r\n  <li>two</li>\r\n  <li>three</li>\r\n</ul>\r\n<p>That's it!</p>",
    "reflect_questions": [
      1
    ]
  },
  "pk": 1,
  "model": "challenges.challenge"
},
{
  "fields": {
    "build_subheader": "Build the thing.",
    "themes": [],
    "order": 1,
    "image": 14,
    "mentor_guide": "",
    "reflect_subheader": "Reflect on the thing.",
    "materials_list": "<ol>\r\n<li>rubber bands</li>\r\n<li>paperclips</li>\r\n<li>scissors</li>\r\n<li>a healthy sense of adventure</li>\r\n</ol>",
    "draft": false,
    "difficulty_level": 1,
    "video": null,
    "learn_more": "Learn <strong>more</strong> about challenge 2!",
    "plan_subheader": "Plan the thing.",
    "free": true,
    "description": "Build a plane that is powered by stored energy from a rubber band, balloon or spring. The plane should be able to fly straight for 5 feet.\r\n",
    "build_call_to_action": "Build it!",
    "landing_image": 15,
    "name": "Build a Plane Powered by Stored Energy",
    "plan_call_to_action": "Plan it!",
    "how_to_make_it": "<p>This is how to make challenge 2.</p>\r\n<ul>\r\n  <li>one</li>\r\n  <li>two</li>\r\n  <li>three</li>\r\n</ul>\r\n<p>That's it!</p>",
    "reflect_questions": [
      1
    ]
  },
  "pk": 2,
  "model": "challenges.challenge"
},
{
  "fields": {
    "build_subheader": "Build the thing.",
    "themes": [],
    "order": 1,
    "image": 9,
    "mentor_guide": "",
    "reflect_subheader": "Reflect on the thing.",
    "materials_list": "<ol>\r\n<li>rubber bands</li>\r\n<li>paperclips</li>\r\n<li>scissors</li>\r\n<li>a healthy sense of adventure</li>\r\n</ol>",
    "draft": false,
    "difficulty_level": 1,
    "video": null,
    "learn_more": "Learn <strong>more</strong> about challenge 3! hmm ",
    "plan_subheader": "Plan the thing.",
    "free": false,
    "description": "Engineer a beak that will allow you to pick up as much food as possible in one try without using your hands.",
    "build_call_to_action": "Build it!",
    "landing_image": 10,
    "name": "Engineer a Bird Beak",
    "plan_call_to_action": "Plan it!",
    "how_to_make_it": "<p>This is how to make challenge 3.</p>\r\n<ul>\r\n  <li>one</li>\r\n  <li>two</li>\r\n  <li>three</li>\r\n</ul>\r\n<p>That's it!</p>",
    "reflect_questions": [
      1
    ]
  },
  "pk": 3,
  "model": "challenges.challenge"
},
{
  "fields": {
    "build_subheader": "Build the thing.",
    "themes": [
      2,
      3
    ],
    "order": 1,
    "image": 13,
    "mentor_guide": "",
    "reflect_subheader": "Reflect on the thing.",
    "materials_list": "<ol>\r\n<li>rubber bands</li>\r\n<li>paperclips</li>\r\n<li>scissors</li>\r\n<li>a healthy sense of adventure</li>\r\n <li>what</li>\r\n  <li>if</li>\r\n  <li>this</li>\r\n  <li>list</li>\r\n  <li>is</li>\r\n  <li>very</li>\r\n  <li>long</li>\r\n  <li>does</li>\r\n  <li>it</li>\r\n  <li>still</li>\r\n  <li>work?</li>\r\n  <li>ok but what if I put a really long sentence in here no seriously a REALLY long sentence this has to take up at least more than one line</li>\r\n</ol>",
    "draft": false,
    "difficulty_level": 3,
    "video": null,
    "learn_more": "Learn <strong>more</strong> about challenge 4! ok",
    "plan_subheader": "Plan the thing.",
    "free": false,
    "description": "Engineer a robot that turns itself off when it leaves a safe area.",
    "build_call_to_action": "Build it!",
    "landing_image": 12,
    "name": "Engineer a Safe Stopping Robot",
    "plan_call_to_action": "Plan it!",
    "how_to_make_it": "<p>This is how to make challenge 4.</p>\r\n<ul>\r\n  <li>one</li>\r\n  <li>two</li>\r\n  <li>three</li>\r\n</ul>\r\n<p>That's it!</p>",
    "reflect_questions": [
      1
    ]
  },
  "pk": 4,
  "model": "challenges.challenge"
},
{
  "fields": {
    "build_subheader": "j",
    "themes": [],
    "order": 1,
    "image": 29,
    "mentor_guide": "j",
    "reflect_subheader": "j",
    "materials_list": "Recommended\r\n<ul>\r\n<li>recycled plastic bottle</li>\r\n<li>recycled paper</li>\r\n<li>tape</li>\r\n<li>scissors</li>\r\n</ul>\r\n\r\nOptional\r\n<ul>\r\n<li> recycled cardboard tubes </li>\r\n<li> markers </li>\r\n<li> construction paper </li>\r\n</ul>\r\n\r\nTesting Station\r\n<ul>\r\n<li>PVC pipe and PVC elbow connector of the same size (1-2\" pvc works well) </li>\r\n<li> an area outside </li>\r\n</ul>",
    "draft": false,
    "difficulty_level": 3,
    "video": null,
    "learn_more": "j",
    "plan_subheader": "j",
    "free": false,
    "description": "Design a stomp rocket propelled by air pressure that can fly at least 10 ft in the air.",
    "build_call_to_action": "j",
    "landing_image": 16,
    "name": "Build a Stomp Rocket",
    "plan_call_to_action": "j",
    "how_to_make_it": "j",
    "reflect_questions": [
      1
    ]
  },
  "pk": 6,
  "model": "challenges.challenge"
},
{
  "fields": {
    "build_subheader": "j",
    "themes": [],
    "order": 1,
    "image": null,
    "mentor_guide": "",
    "reflect_subheader": "j",
    "materials_list": "j",
    "draft": false,
    "difficulty_level": 1,
    "video": null,
    "learn_more": "j",
    "plan_subheader": "j",
    "free": false,
    "description": "Description",
    "build_call_to_action": "j",
    "landing_image": null,
    "name": "New Challenge 1",
    "plan_call_to_action": "j",
    "how_to_make_it": "j",
    "reflect_questions": [
      1
    ]
  },
  "pk": 7,
  "model": "challenges.challenge"
},
{
  "fields": {
    "build_subheader": "j",
    "themes": [
      1
    ],
    "order": 1,
    "image": 42,
    "mentor_guide": "j",
    "reflect_subheader": "j",
    "materials_list": "Recommended\r\n<ul>\r\n  <li>tape</li>\r\n  <li>popsicle sticks</li>\r\n  <li>rubber bands</li> \r\n  <li>string</li>\r\n  <li>dowels or skewers</li>\r\n  <li>straws</li>\r\n  <li>pipe cleaners</li>\r\n  <li>paper clips or brass fasteners</li>\r\n</ul>\r\nTesting Station\r\n<ul>\r\n  <li>washers or pennies</li>\r\n  <li>marbles</li>\r\n  <li>cup</li>\r\n  <li>straws</li>\r\n</ul>",
    "draft": false,
    "difficulty_level": 3,
    "video": null,
    "learn_more": "j",
    "plan_subheader": "j",
    "free": false,
    "description": "Design a robotic arm that can move a marble, a straw, and a washer from the table into a cup without using your hands. ",
    "build_call_to_action": "j",
    "landing_image": 43,
    "name": "Design a Robotic Arm",
    "plan_call_to_action": "j",
    "how_to_make_it": "j",
    "reflect_questions": [
      1
    ]
  },
  "pk": 8,
  "model": "challenges.challenge"
},
{
  "fields": {
    "build_subheader": "j",
    "themes": [
      3
    ],
    "order": 1,
    "image": 40,
    "mentor_guide": "j",
    "reflect_subheader": "j",
    "materials_list": "Recommended\r\n<ul>\r\n  <li>tape</li>\r\n  <li>scissors</li>\r\n  <li>cups</li>\r\n<li>string, twine or fishing line</li>\r\n</ul>\r\nOptional\r\n<ul>\r\n<li>paper clips</li>\r\n<li>cardboard</li>\r\n<li>pipe cleaners</li>\r\n<li>push pins</li>\r\n<li>washers or nuts</li>\r\n<li> other materials you think will carry sound waves</li>\r\n</ul>",
    "draft": false,
    "difficulty_level": 2,
    "video": 2,
    "learn_more": "j",
    "plan_subheader": "j",
    "free": true,
    "description": "Plan and build a network to send communication signals in multiple directions to multiple people. ",
    "build_call_to_action": "j",
    "landing_image": 41,
    "name": "Engineer a Communication Network",
    "plan_call_to_action": "j",
    "how_to_make_it": "j",
    "reflect_questions": [
      1
    ]
  },
  "pk": 9,
  "model": "challenges.challenge"
},
{
  "fields": {
    "build_subheader": "j",
    "themes": [
      1
    ],
    "order": 1,
    "image": 38,
    "mentor_guide": "j",
    "reflect_subheader": "j",
    "materials_list": "<ul>\r\n<li>pipe cleaners</li>\r\n<li>coffee stirrer straws</li>\r\n<li>scissors</li>\r\n</ul>",
    "draft": false,
    "difficulty_level": 1,
    "video": 2,
    "learn_more": "j",
    "plan_subheader": "j",
    "free": true,
    "description": "Build a 3-D object out of tetrahedra that is as big as you are.",
    "build_call_to_action": "j",
    "landing_image": 39,
    "name": "Build a 3-D Object out of Tetrahedra",
    "plan_call_to_action": "j",
    "how_to_make_it": "j",
    "reflect_questions": [
      1
    ]
  },
  "pk": 10,
  "model": "challenges.challenge"
},
{
  "fields": {
    "build_subheader": "j",
    "themes": [],
    "order": 2,
    "image": null,
    "mentor_guide": "j",
    "reflect_subheader": "j",
    "materials_list": "j",
    "draft": false,
    "difficulty_level": 1,
    "video": null,
    "learn_more": "j",
    "plan_subheader": "j",
    "free": false,
    "description": "Description",
    "build_call_to_action": "j",
    "landing_image": null,
    "name": "New Challenge 5",
    "plan_call_to_action": "j",
    "how_to_make_it": "j",
    "reflect_questions": [
      1
    ]
  },
  "pk": 11,
  "model": "challenges.challenge"
},
{
  "fields": {
    "build_subheader": "j",
    "themes": [],
    "order": null,
    "image": null,
    "mentor_guide": "j",
    "reflect_subheader": "j",
    "materials_list": "j",
    "draft": false,
    "difficulty_level": 1,
    "video": null,
    "learn_more": "j",
    "plan_subheader": "j",
    "free": false,
    "description": "Description",
    "build_call_to_action": "j",
    "landing_image": null,
    "name": "New Challenge 6",
    "plan_call_to_action": "j",
    "how_to_make_it": "j",
    "reflect_questions": [
      1
    ]
  },
  "pk": 12,
  "model": "challenges.challenge"
},
{
  "fields": {
    "student": 14,
    "challenge": 4
  },
  "pk": 1,
  "model": "challenges.favorite"
},
{
  "fields": {
    "student": 2,
    "challenge": 10
  },
  "pk": 2,
  "model": "challenges.favorite"
},
{
  "fields": {
    "student": 2,
    "challenge": 9
  },
  "pk": 3,
  "model": "challenges.favorite"
},
{
  "fields": {
    "student": 2,
    "challenge": 4
  },
  "pk": 4,
  "model": "challenges.favorite"
},
{
  "fields": {
    "approved": null,
    "created_at": "2016-08-15T18:49:48.494Z",
    "progress": 3,
    "image": 23,
    "updated_at": "2016-08-15T18:49:48.494Z"
  },
  "pk": 1,
  "model": "challenges.example"
},
{
  "fields": {
    "approved": null,
    "created_at": "2016-10-04T16:03:55.339Z",
    "progress": 14,
    "image": 37,
    "updated_at": "2016-10-04T16:03:55.339Z"
  },
  "pk": 2,
  "model": "challenges.example"
},
{
  "fields": {
    "header_template": "",
    "color": "#8faf49",
    "updated_at": "2016-10-11T15:23:04.379Z",
    "challenges": [
      2
    ],
    "visible": false,
    "created_at": "2016-08-09T21:06:56.399Z",
    "name": "Free Challenges"
  },
  "pk": 1,
  "model": "challenges.filter"
},
{
  "fields": {
    "header_template": "challenges/filters/inspired_by_boeing.html",
    "color": "#f1ac43",
    "updated_at": "2016-09-07T15:30:57.139Z",
    "challenges": [
      2
    ],
    "visible": true,
    "created_at": "2016-09-07T15:30:57.139Z",
    "name": "Inspired by <i class=\"icon-boeing-logo\"></i>"
  },
  "pk": 2,
  "model": "challenges.filter"
},
{
  "fields": {
    "name": "Squirrel Papercraft",
    "challenge": 4,
    "description": "Let's make a squirrel, out of paper."
  },
  "pk": 1,
  "model": "challenges.resource"
},
{
  "fields": {
    "name": "Ground round pork",
    "challenge": 2,
    "description": "Bacon ground round cow, doner sirloin shankle andouille corned beef shoulder ball tip leberkas. Strip steak boudin fatback beef ball tip short loin tail, pork loin landjaeger swine. Pork loin meatball rump bresaola sausage, turducken chuck pig pork belly ground round brisket tenderloin shoulder jerky. Swine sausage porchetta ham hock ball tip cow."
  },
  "pk": 2,
  "model": "challenges.resource"
},
{
  "fields": {
    "name": "Example Resource",
    "challenge": 4,
    "description": "I'm a description!"
  },
  "pk": 3,
  "model": "challenges.resource"
},
{
  "fields": {
    "name": "Some name",
    "challenge": 2,
    "description": "This is the description."
  },
  "pk": 4,
  "model": "challenges.resource"
},
{
  "fields": {
    "file": "challenge_resource/2016/08/19/Squirrel-gray.pdf",
    "link_text": "Download (PDF)",
    "resource": 1
  },
  "pk": 1,
  "model": "challenges.resourcefile"
},
{
  "fields": {
    "file": "challenge_resource/2016/08/19/squirrel.png",
    "link_text": "Download (PNG)",
    "resource": 1
  },
  "pk": 2,
  "model": "challenges.resourcefile"
},
{
  "fields": {
    "file": "challenge_resource/2016/08/19/squirrel.docx",
    "link_text": "Download (WORD)",
    "resource": 1
  },
  "pk": 3,
  "model": "challenges.resourcefile"
},
{
  "fields": {
    "file": "challenge_resource/2016/08/19/squirrel_Rvus4RG.png",
    "link_text": "Squirrel (png)",
    "resource": 2
  },
  "pk": 4,
  "model": "challenges.resourcefile"
},
{
  "fields": {
    "file": "challenge_resource/2016/08/19/squirrel_SDp59tC.docx",
    "link_text": "Squirrel (docx)",
    "resource": 2
  },
  "pk": 5,
  "model": "challenges.resourcefile"
},
{
  "fields": {
    "file": "challenge_resource/2016/08/19/Squirrel-gray_Upv2OWC.pdf",
    "link_text": "Squirrel (pdf)",
    "resource": 2
  },
  "pk": 6,
  "model": "challenges.resourcefile"
},
{
  "fields": {
    "file": "challenge_resource/2016/08/24/IMG_4845.JPG",
    "link_text": "Image 1",
    "resource": 3
  },
  "pk": 7,
  "model": "challenges.resourcefile"
},
{
  "fields": {
    "file": "challenge_resource/2016/08/24/IMG_4844.JPG",
    "link_text": "Image 2",
    "resource": 3
  },
  "pk": 8,
  "model": "challenges.resourcefile"
},
{
  "fields": {
    "file": "challenge_resource/2016/09/07/yay.jpeg",
    "link_text": "Download jpg",
    "resource": 4
  },
  "pk": 9,
  "model": "challenges.resourcefile"
},
{
  "fields": {
    "md5_hash": "41a3b1aaa8bb905bc2d35c3dff44d919",
    "source_url": "https://www.filepicker.io/api/file/zeHq9X5ZSomN9BRrPLeQ",
    "key": "images/41a3b1aaa8bb905bc2d35c3dff44d919"
  },
  "pk": 1,
  "model": "images.image"
},
{
  "fields": {
    "md5_hash": "5863379e5a8d8fc268a16d5593196e3f",
    "source_url": "https://zencoder-temp-storage-us-east-1.s3.amazonaws.com/t/20141208/49d2af10fe9b80ce32de884c679019ee/frame_0003.jpg?AWSAccessKeyId=AKIAI456JQ76GBU7FECA&Signature=K9UVe4xmR1REp923UT7U6v4lt8g%3D&Expires=1418134851",
    "key": "images/5863379e5a8d8fc268a16d5593196e3f"
  },
  "pk": 2,
  "model": "images.image"
},
{
  "fields": {
    "md5_hash": "9d2faa3eea7d3ad37b39b96a2586dfb6",
    "source_url": "https://zencoder-temp-storage-us-east-1.s3.amazonaws.com/t/20141208/49d2af10fe9b80ce32de884c679019ee/frame_0002.jpg?AWSAccessKeyId=AKIAI456JQ76GBU7FECA&Signature=M2yrpLUi%2FkdvZgFnzIBa4jou%2Bpc%3D&Expires=1418134851",
    "key": "images/9d2faa3eea7d3ad37b39b96a2586dfb6"
  },
  "pk": 3,
  "model": "images.image"
},
{
  "fields": {
    "md5_hash": "e69215bea06d8c07b569e62eb59a5c69",
    "source_url": "https://zencoder-temp-storage-us-east-1.s3.amazonaws.com/t/20141208/49d2af10fe9b80ce32de884c679019ee/frame_0001.jpg?AWSAccessKeyId=AKIAI456JQ76GBU7FECA&Signature=aKkYx8t1sfOy%2BE09uIdgYVoGOJ8%3D&Expires=1418134851",
    "key": "images/e69215bea06d8c07b569e62eb59a5c69"
  },
  "pk": 4,
  "model": "images.image"
},
{
  "fields": {
    "md5_hash": "49146bded99e5212066b94adc9a476f6",
    "source_url": "https://zencoder-temp-storage-us-east-1.s3.amazonaws.com/t/20141208/49d2af10fe9b80ce32de884c679019ee/frame_0000.jpg?AWSAccessKeyId=AKIAI456JQ76GBU7FECA&Signature=QC1U%2B13tGonw82zCThNVc6ibf6I%3D&Expires=1418134851",
    "key": "images/49146bded99e5212066b94adc9a476f6"
  },
  "pk": 5,
  "model": "images.image"
},
{
  "fields": {
    "md5_hash": "75a950e1383ff7629068818e0d82cb7c",
    "source_url": "https://cdn.filestackcontent.com/M6dD39ymRLSVC5DR4mLb",
    "key": "images/75a950e1383ff7629068818e0d82cb7c"
  },
  "pk": 6,
  "model": "images.image"
},
{
  "fields": {
    "md5_hash": "75a950e1383ff7629068818e0d82cb7c",
    "source_url": "https://cdn.filestackcontent.com/JplZWyRVSxeQKxiHx0uX",
    "key": "images/75a950e1383ff7629068818e0d82cb7c"
  },
  "pk": 7,
  "model": "images.image"
},
{
  "fields": {
    "md5_hash": "e744fcc6475142d02ff1ac0c7825ae5b",
    "source_url": "https://cdn.filestackcontent.com/08Zhs4LSTC6Ax0DmKg7G",
    "key": "images/e744fcc6475142d02ff1ac0c7825ae5b"
  },
  "pk": 8,
  "model": "images.image"
},
{
  "fields": {
    "md5_hash": "5bad038f851bfb31a9af6d5b7946ef03",
    "source_url": "https://cdn.filestackcontent.com/MBDqZpHgRIyWpqBVmgcr",
    "key": "images/5bad038f851bfb31a9af6d5b7946ef03"
  },
  "pk": 9,
  "model": "images.image"
},
{
  "fields": {
    "md5_hash": "5cfe68b2632abd698f39783954e83fed",
    "source_url": "https://cdn.filestackcontent.com/VQagAl2xTqSVm2HyShxe",
    "key": "images/5cfe68b2632abd698f39783954e83fed"
  },
  "pk": 10,
  "model": "images.image"
},
{
  "fields": {
    "md5_hash": "ce2aaa3a4d0503068d5ba8bcb39e1fb4",
    "source_url": "https://cdn.filestackcontent.com/7d9rTU1XTkGJWwxZxE6A",
    "key": "images/ce2aaa3a4d0503068d5ba8bcb39e1fb4"
  },
  "pk": 11,
  "model": "images.image"
},
{
  "fields": {
    "md5_hash": "6448d294e85037efbf7426ca4cb735d7",
    "source_url": "https://cdn.filestackcontent.com/cDRywgqIQjq0tGPLVIfo",
    "key": "images/6448d294e85037efbf7426ca4cb735d7"
  },
  "pk": 12,
  "model": "images.image"
},
{
  "fields": {
    "md5_hash": "291df28a8bf07321df0ad220d25563c9",
    "source_url": "https://cdn.filestackcontent.com/Gln71p4MQN68wLYc6NLr",
    "key": "images/291df28a8bf07321df0ad220d25563c9"
  },
  "pk": 13,
  "model": "images.image"
},
{
  "fields": {
    "md5_hash": "75a950e1383ff7629068818e0d82cb7c",
    "source_url": "https://cdn.filestackcontent.com/SHHZ99eTkmYyuWNst99D",
    "key": "images/75a950e1383ff7629068818e0d82cb7c"
  },
  "pk": 14,
  "model": "images.image"
},
{
  "fields": {
    "md5_hash": "15c57e74609e5fb9d821fe595bf8782e",
    "source_url": "https://cdn.filestackcontent.com/TSQPqUqtSN2n8JGDMmYf",
    "key": "images/15c57e74609e5fb9d821fe595bf8782e"
  },
  "pk": 15,
  "model": "images.image"
},
{
  "fields": {
    "md5_hash": "7e0320b820dc9384683cee3661fd4b99",
    "source_url": "https://cdn.filestackcontent.com/z6WznaFBRbXbFw2cjgF9",
    "key": "images/7e0320b820dc9384683cee3661fd4b99"
  },
  "pk": 16,
  "model": "images.image"
},
{
  "fields": {
    "md5_hash": "e1ddbebb8f3551317f2e3fb8947cdc0e",
    "source_url": "https://cdn.filestackcontent.com/NnPrCgEpQpWnjFnXNDVL",
    "key": "images/e1ddbebb8f3551317f2e3fb8947cdc0e"
  },
  "pk": 17,
  "model": "images.image"
},
{
  "fields": {
    "md5_hash": "f1a661d0252361c3cd0e968625642596",
    "source_url": "https://cdn.filestackcontent.com/csZ05RmaRzCOAOJTlg5T",
    "key": "images/f1a661d0252361c3cd0e968625642596"
  },
  "pk": 18,
  "model": "images.image"
},
{
  "fields": {
    "md5_hash": "f1a661d0252361c3cd0e968625642596",
    "source_url": "https://cdn.filestackcontent.com/6WNFFrnCTqyJxkoUYk5f",
    "key": "images/f1a661d0252361c3cd0e968625642596"
  },
  "pk": 19,
  "model": "images.image"
},
{
  "fields": {
    "md5_hash": "9701a174fa25ca6df0df83331149c226",
    "source_url": "https://cdn.filestackcontent.com/uLunGKNcQkGZ7Ob7OVpO",
    "key": "images/9701a174fa25ca6df0df83331149c226"
  },
  "pk": 20,
  "model": "images.image"
},
{
  "fields": {
    "md5_hash": "1d2870909defc0777dafda872a4b51dd",
    "source_url": "https://cdn.filestackcontent.com/eHR9NX1JTAuB9JYQzsDM",
    "key": "images/1d2870909defc0777dafda872a4b51dd"
  },
  "pk": 21,
  "model": "images.image"
},
{
  "fields": {
    "md5_hash": "599584c3f27d6d4c8adfa49d68487fd4",
    "source_url": "https://cdn.filestackcontent.com/HqK3lkspTEaWVdj51JpX",
    "key": "images/599584c3f27d6d4c8adfa49d68487fd4"
  },
  "pk": 22,
  "model": "images.image"
},
{
  "fields": {
    "md5_hash": "6a59f2086747cb194a9b9cdbd1d01e8a",
    "source_url": "https://cdn.filestackcontent.com/GfnNWnE2THmoUIbppY1I",
    "key": "images/6a59f2086747cb194a9b9cdbd1d01e8a"
  },
  "pk": 23,
  "model": "images.image"
},
{
  "fields": {
    "md5_hash": "fa72ff9bb6100aa5d312cc296a5a0be2",
    "source_url": "https://cdn.filestackcontent.com/eHPJJ6PEQd2KJBPU1KyH",
    "key": "images/fa72ff9bb6100aa5d312cc296a5a0be2"
  },
  "pk": 24,
  "model": "images.image"
},
{
  "fields": {
    "md5_hash": "c191e74a36009daff1cee09f89046da9",
    "source_url": "https://zencoder-temp-storage-us-east-1.s3.amazonaws.com/t/20160923/27c30d45a07e93caaee6fdea693630c6/frame_0003.jpg?X-Amz-Algorithm=AWS4-HMAC-SHA256&X-Amz-Credential=AKIAI456JQ76GBU7FECA%2F20160923%2Fus-east-1%2Fs3%2Faws4_request&X-Amz-Date=20160923T202456Z&X-Amz-Expires=86346&X-Amz-SignedHeaders=host&X-Amz-Signature=3dc2206a264563bc760cdeddc104172016c3a9c9ba70aebf38053db9f1da8554",
    "key": "images/c191e74a36009daff1cee09f89046da9"
  },
  "pk": 25,
  "model": "images.image"
},
{
  "fields": {
    "md5_hash": "100c5d6731f2054765921f0ffda8a154",
    "source_url": "https://zencoder-temp-storage-us-east-1.s3.amazonaws.com/t/20160923/27c30d45a07e93caaee6fdea693630c6/frame_0002.jpg?X-Amz-Algorithm=AWS4-HMAC-SHA256&X-Amz-Credential=AKIAI456JQ76GBU7FECA%2F20160923%2Fus-east-1%2Fs3%2Faws4_request&X-Amz-Date=20160923T202456Z&X-Amz-Expires=86346&X-Amz-SignedHeaders=host&X-Amz-Signature=e31f0d693e464f97b40d92be164755abc00db4b6fe21f6336f30aa0183a76915",
    "key": "images/100c5d6731f2054765921f0ffda8a154"
  },
  "pk": 26,
  "model": "images.image"
},
{
  "fields": {
    "md5_hash": "66854c6975e81b58e53ac6a2e82756e3",
    "source_url": "https://zencoder-temp-storage-us-east-1.s3.amazonaws.com/t/20160923/27c30d45a07e93caaee6fdea693630c6/frame_0001.jpg?X-Amz-Algorithm=AWS4-HMAC-SHA256&X-Amz-Credential=AKIAI456JQ76GBU7FECA%2F20160923%2Fus-east-1%2Fs3%2Faws4_request&X-Amz-Date=20160923T202456Z&X-Amz-Expires=86346&X-Amz-SignedHeaders=host&X-Amz-Signature=c25d1bb816fe39e8f13758b7ff4d0b0207bf449a6e0ec08a36d45c9f1c3a8cfe",
    "key": "images/66854c6975e81b58e53ac6a2e82756e3"
  },
  "pk": 27,
  "model": "images.image"
},
{
  "fields": {
    "md5_hash": "ec0352434ce781c35894fd5bf7dd8046",
    "source_url": "https://zencoder-temp-storage-us-east-1.s3.amazonaws.com/t/20160923/27c30d45a07e93caaee6fdea693630c6/frame_0000.jpg?X-Amz-Algorithm=AWS4-HMAC-SHA256&X-Amz-Credential=AKIAI456JQ76GBU7FECA%2F20160923%2Fus-east-1%2Fs3%2Faws4_request&X-Amz-Date=20160923T202456Z&X-Amz-Expires=86346&X-Amz-SignedHeaders=host&X-Amz-Signature=c3df49ac01780b8d0e0eb1c6ce0a0968b5b6980c95a3814e947753e3f57cefdb",
    "key": "images/ec0352434ce781c35894fd5bf7dd8046"
  },
  "pk": 28,
  "model": "images.image"
},
{
  "fields": {
    "md5_hash": "7d7bdb8362e24e25c08edab5c713b898",
    "source_url": "https://cdn.filestackcontent.com/xSUZfaoJSeWhTcedyLEn",
    "key": "images/7d7bdb8362e24e25c08edab5c713b898"
  },
  "pk": 29,
  "model": "images.image"
},
{
  "fields": {
    "md5_hash": "4fc69c62a3efcbd4403aeba04879b904",
    "source_url": "https://cdn.filestackcontent.com/MAz3bH0cQTuOPGo46Adg",
    "key": "images/4fc69c62a3efcbd4403aeba04879b904"
  },
  "pk": 30,
  "model": "images.image"
},
{
  "fields": {
    "md5_hash": "c191e74a36009daff1cee09f89046da9",
    "source_url": "https://zencoder-temp-storage-us-east-1.s3.amazonaws.com/t/20160929/f3589d32d5a1d00c1ebb4fa6ee10f8ed/frame_0003.jpg?X-Amz-Algorithm=AWS4-HMAC-SHA256&X-Amz-Credential=AKIAI456JQ76GBU7FECA%2F20160929%2Fus-east-1%2Fs3%2Faws4_request&X-Amz-Date=20160929T184508Z&X-Amz-Expires=86351&X-Amz-SignedHeaders=host&X-Amz-Signature=31c5f2cf6933cadbf0dfd2fa9b34b7d3535bc5bd87b0e474a8dcdf27084f3a52",
    "key": "images/c191e74a36009daff1cee09f89046da9"
  },
  "pk": 31,
  "model": "images.image"
},
{
  "fields": {
    "md5_hash": "100c5d6731f2054765921f0ffda8a154",
    "source_url": "https://zencoder-temp-storage-us-east-1.s3.amazonaws.com/t/20160929/f3589d32d5a1d00c1ebb4fa6ee10f8ed/frame_0002.jpg?X-Amz-Algorithm=AWS4-HMAC-SHA256&X-Amz-Credential=AKIAI456JQ76GBU7FECA%2F20160929%2Fus-east-1%2Fs3%2Faws4_request&X-Amz-Date=20160929T184508Z&X-Amz-Expires=86351&X-Amz-SignedHeaders=host&X-Amz-Signature=6f29735f15b0703caf7b400f17b6e11fc435fe5ad868ef4a0ce052249371fc1b",
    "key": "images/100c5d6731f2054765921f0ffda8a154"
  },
  "pk": 32,
  "model": "images.image"
},
{
  "fields": {
    "md5_hash": "66854c6975e81b58e53ac6a2e82756e3",
    "source_url": "https://zencoder-temp-storage-us-east-1.s3.amazonaws.com/t/20160929/f3589d32d5a1d00c1ebb4fa6ee10f8ed/frame_0001.jpg?X-Amz-Algorithm=AWS4-HMAC-SHA256&X-Amz-Credential=AKIAI456JQ76GBU7FECA%2F20160929%2Fus-east-1%2Fs3%2Faws4_request&X-Amz-Date=20160929T184508Z&X-Amz-Expires=86351&X-Amz-SignedHeaders=host&X-Amz-Signature=9ae355da8111c852dd456349a46882601af92f33266732ed2ae20efa96e92553",
    "key": "images/66854c6975e81b58e53ac6a2e82756e3"
  },
  "pk": 33,
  "model": "images.image"
},
{
  "fields": {
    "md5_hash": "ec0352434ce781c35894fd5bf7dd8046",
    "source_url": "https://zencoder-temp-storage-us-east-1.s3.amazonaws.com/t/20160929/f3589d32d5a1d00c1ebb4fa6ee10f8ed/frame_0000.jpg?X-Amz-Algorithm=AWS4-HMAC-SHA256&X-Amz-Credential=AKIAI456JQ76GBU7FECA%2F20160929%2Fus-east-1%2Fs3%2Faws4_request&X-Amz-Date=20160929T184508Z&X-Amz-Expires=86351&X-Amz-SignedHeaders=host&X-Amz-Signature=ca64c5322d6e60b61bf9e09eedb249786430a7968aa7e4ca851c88d0ee8065e2",
    "key": "images/ec0352434ce781c35894fd5bf7dd8046"
  },
  "pk": 34,
  "model": "images.image"
},
{
  "fields": {
    "md5_hash": "05c21e80eb62b4793b35aef88953c4bb",
    "source_url": "https://cdn.filestackcontent.com/5RD3jByWSD6BtXYiv1Zy",
    "key": "images/05c21e80eb62b4793b35aef88953c4bb"
  },
  "pk": 35,
  "model": "images.image"
},
{
  "fields": {
    "md5_hash": "9ce524245a4505b9b1f4a40b19f8c305",
    "source_url": "https://cdn.filestackcontent.com/3TrXZdbcSCm6CFaOrvh2",
    "key": "images/9ce524245a4505b9b1f4a40b19f8c305"
  },
  "pk": 36,
  "model": "images.image"
},
{
  "fields": {
    "md5_hash": "7f60f505863bb030831dd078df551a66",
    "source_url": "https://cdn.filestackcontent.com/RDlX56CIQHyB4ofze15o",
    "key": "images/7f60f505863bb030831dd078df551a66"
  },
  "pk": 37,
  "model": "images.image"
},
{
  "fields": {
    "md5_hash": "1f929dcd0a0216c8ca617658ef954215",
    "source_url": "https://cdn.filestackcontent.com/ijavIsi6TpKJhIi94lPy",
    "key": "images/1f929dcd0a0216c8ca617658ef954215"
  },
  "pk": 38,
  "model": "images.image"
},
{
  "fields": {
    "md5_hash": "6f38e5051f9fd4077843bd09c4d167ff",
    "source_url": "https://cdn.filestackcontent.com/NZM8t6hoRiyMZ5u4Eac9",
    "key": "images/6f38e5051f9fd4077843bd09c4d167ff"
  },
  "pk": 39,
  "model": "images.image"
},
{
  "fields": {
    "md5_hash": "064395497e72b857a3619b8497719182",
    "source_url": "https://cdn.filestackcontent.com/8Fi8jwseRNmkXVEKKO72",
    "key": "images/064395497e72b857a3619b8497719182"
  },
  "pk": 40,
  "model": "images.image"
},
{
  "fields": {
    "md5_hash": "b029ec0beef6f1760db1bea488706540",
    "source_url": "https://cdn.filestackcontent.com/SLbJXOynQbK4TX0BI9XC",
    "key": "images/b029ec0beef6f1760db1bea488706540"
  },
  "pk": 41,
  "model": "images.image"
},
{
  "fields": {
    "md5_hash": "42dfdc8b7437331c7ff568ec3657088d",
    "source_url": "https://cdn.filestackcontent.com/ulFjgQZTRGOGHkfSYKQv",
    "key": "images/42dfdc8b7437331c7ff568ec3657088d"
  },
  "pk": 42,
  "model": "images.image"
},
{
  "fields": {
    "md5_hash": "ba66f31c3d3549cb58dcfb7d44b06682",
    "source_url": "https://cdn.filestackcontent.com/pWAawQ1zQnmuPzLBHhwH",
    "key": "images/ba66f31c3d3549cb58dcfb7d44b06682"
  },
  "pk": 43,
  "model": "images.image"
},
{
  "fields": {
    "thumbnails": [
      2,
      3,
      4,
      5
    ],
    "raw_job_details": "{'job': {'pass_through': None, 'output_media_files': [{'url': 'https://zencoder-temp-storage-us-east-1.s3.amazonaws.com/o/20141208/1f1bc3f6bc05057cc5a3e86106273819/06378d8a87b0e6d89334458311bb9e48.mp4?AWSAccessKeyId=AKIAI456JQ76GBU7FECA&Signature=DqLBPcNb4GfXnEYvUBMFx1XBEog%3D&Expires=1418134851', 'error_class': None, 'audio_bitrate_in_kbps': 45, 'total_bitrate_in_kbps': 199, 'updated_at': '2014-12-08T14:20:51Z', 'created_at': '2014-12-08T14:20:29Z', 'md5_checksum': None, 'test': True, 'format': 'mpeg4', 'privacy': False, 'channels': '1', 'video_codec': 'h264', 'label': None, 'height': 348, 'error_message': None, 'file_size_bytes': 131367, 'width': 474, 'audio_sample_rate': 44100, 'duration_in_ms': 5000, 'finished_at': '2014-12-08T14:20:51Z', 'video_bitrate_in_kbps': 154, 'frame_rate': 10.0, 'id': 386775161, 'audio_codec': 'aac', 'state': 'finished'}, {'url': 'https://zencoder-temp-storage-us-east-1.s3.amazonaws.com/o/20141208/bb78dd5cd1d22200c8322c0cd6ab513c/263262725336546b5150bb3542e5a570.ogg?AWSAccessKeyId=AKIAI456JQ76GBU7FECA&Signature=v9vOvf8zeI8ihPqjVnZCra5ioAc%3D&Expires=1418134841', 'error_class': None, 'audio_bitrate_in_kbps': 62, 'total_bitrate_in_kbps': 230, 'updated_at': '2014-12-08T14:20:42Z', 'created_at': '2014-12-08T14:20:29Z', 'md5_checksum': None, 'test': True, 'format': 'ogg', 'privacy': False, 'channels': '1', 'video_codec': 'theora', 'label': None, 'height': 348, 'error_message': None, 'file_size_bytes': 150985, 'width': 474, 'audio_sample_rate': 44100, 'duration_in_ms': 5000, 'finished_at': '2014-12-08T14:20:41Z', 'video_bitrate_in_kbps': 168, 'frame_rate': 10.0, 'id': 386775162, 'audio_codec': 'vorbis', 'state': 'finished'}], 'created_at': '2014-12-08T14:20:29Z', 'test': True, 'thumbnails': [{'format': 'jpg', 'height': 348, 'width': 474, 'updated_at': '2014-12-08T14:20:51Z', 'url': 'https://zencoder-temp-storage-us-east-1.s3.amazonaws.com/t/20141208/49d2af10fe9b80ce32de884c679019ee/frame_0003.jpg?AWSAccessKeyId=AKIAI456JQ76GBU7FECA&Signature=K9UVe4xmR1REp923UT7U6v4lt8g%3D&Expires=1418134851', 'group_label': 'thumbnail', 'id': 939255719, 'created_at': '2014-12-08T14:20:51Z', 'file_size_bytes': 8518}, {'format': 'jpg', 'height': 348, 'width': 474, 'updated_at': '2014-12-08T14:20:51Z', 'url': 'https://zencoder-temp-storage-us-east-1.s3.amazonaws.com/t/20141208/49d2af10fe9b80ce32de884c679019ee/frame_0002.jpg?AWSAccessKeyId=AKIAI456JQ76GBU7FECA&Signature=M2yrpLUi%2FkdvZgFnzIBa4jou%2Bpc%3D&Expires=1418134851', 'group_label': 'thumbnail', 'id': 939255718, 'created_at': '2014-12-08T14:20:51Z', 'file_size_bytes': 15673}, {'format': 'jpg', 'height': 348, 'width': 474, 'updated_at': '2014-12-08T14:20:51Z', 'url': 'https://zencoder-temp-storage-us-east-1.s3.amazonaws.com/t/20141208/49d2af10fe9b80ce32de884c679019ee/frame_0001.jpg?AWSAccessKeyId=AKIAI456JQ76GBU7FECA&Signature=aKkYx8t1sfOy%2BE09uIdgYVoGOJ8%3D&Expires=1418134851', 'group_label': 'thumbnail', 'id': 939255717, 'created_at': '2014-12-08T14:20:51Z', 'file_size_bytes': 16859}, {'format': 'jpg', 'height': 348, 'width': 474, 'updated_at': '2014-12-08T14:20:51Z', 'url': 'https://zencoder-temp-storage-us-east-1.s3.amazonaws.com/t/20141208/49d2af10fe9b80ce32de884c679019ee/frame_0000.jpg?AWSAccessKeyId=AKIAI456JQ76GBU7FECA&Signature=QC1U%2B13tGonw82zCThNVc6ibf6I%3D&Expires=1418134851', 'group_label': 'thumbnail', 'id': 939255716, 'created_at': '2014-12-08T14:20:51Z', 'file_size_bytes': 15440}], 'input_media_file': {'url': 'http://s3.amazonaws.com/devcuriositymachine/videos/81976df78883dc77a6ecf0f239a2e47e', 'error_class': None, 'audio_bitrate_in_kbps': 74, 'total_bitrate_in_kbps': 209, 'created_at': '2014-12-08T14:20:29Z', 'md5_checksum': None, 'test': True, 'format': 'mpeg4', 'privacy': False, 'channels': '1', 'video_codec': 'h264', 'updated_at': '2014-12-08T14:20:51Z', 'height': 348, 'error_message': None, 'audio_codec': 'aac', 'file_size_bytes': 178631, 'width': 474, 'duration_in_ms': 7000, 'audio_tracks': None, 'finished_at': '2014-12-08T14:20:33Z', 'video_bitrate_in_kbps': 135, 'frame_rate': 10.0, 'id': 130524948, 'audio_sample_rate': 44100, 'state': 'finished'}, 'privacy': False, 'finished_at': '2014-12-08T14:20:51Z', 'submitted_at': '2014-12-08T14:20:29Z', 'id': 130553999, 'updated_at': '2014-12-08T14:20:51Z', 'state': 'finished'}}",
    "md5_hash": "81976df78883dc77a6ecf0f239a2e47e",
    "source_url": "https://www.filepicker.io/api/file/o8vrfPJGQaKvrOShA0Oe",
    "key": "videos/81976df78883dc77a6ecf0f239a2e47e"
  },
  "pk": 1,
  "model": "videos.video"
},
{
  "fields": {
    "thumbnails": [
      25,
      26,
      27,
      28
    ],
    "raw_job_details": "{'job': {'state': 'finished', 'output_media_files': [{'state': 'finished', 'audio_bitrate_in_kbps': 51, 'test': True, 'total_bitrate_in_kbps': 369, 'url': 'https://zencoder-temp-storage-us-east-1.s3.amazonaws.com/o/20160923/f5106098b432be78143d3141d396f3f4/0de36700a30545e5564243ee33eb8f4e.mp4?X-Amz-Algorithm=AWS4-HMAC-SHA256&X-Amz-Credential=AKIAI456JQ76GBU7FECA%2F20160923%2Fus-east-1%2Fs3%2Faws4_request&X-Amz-Date=20160923T202456Z&X-Amz-Expires=86346&X-Amz-SignedHeaders=host&X-Amz-Signature=52fc7f9c5fe8560a981de821f1e0e13362df355855bd8d888148de2b1721ea24', 'file_size_bytes': 237324, 'video_bitrate_in_kbps': 318, 'video_codec': 'h264', 'error_class': None, 'md5_checksum': None, 'format': 'mpeg4', 'updated_at': '2016-09-23T20:24:03Z', 'fragment_duration_in_ms': None, 'rfc_6381_video_codec': 'avc1.420016', 'rfc_6381_audio_codec': 'mp4a.40.2', 'width': 560, 'channels': '1', 'error_message': None, 'privacy': False, 'height': 320, 'audio_codec': 'aac', 'audio_sample_rate': 48000, 'finished_at': '2016-09-23T20:24:03Z', 'created_at': '2016-09-23T20:23:46Z', 'frame_rate': 30.0, 'duration_in_ms': 5000, 'id': 1013956263, 'label': None}, {'state': 'finished', 'audio_bitrate_in_kbps': 69, 'test': True, 'total_bitrate_in_kbps': 518, 'url': 'https://zencoder-temp-storage-us-east-1.s3.amazonaws.com/o/20160923/cab71aabc396280b96f1c626e1596800/8896eb4a56245ae3fa461c1e57bf06bc.ogg?X-Amz-Algorithm=AWS4-HMAC-SHA256&X-Amz-Credential=AKIAI456JQ76GBU7FECA%2F20160923%2Fus-east-1%2Fs3%2Faws4_request&X-Amz-Date=20160923T202456Z&X-Amz-Expires=86341&X-Amz-SignedHeaders=host&X-Amz-Signature=8841cc093ac79fb7481075ca1a93a0e57ca07f7f49bae0d6d394483280fedfd7', 'file_size_bytes': 330985, 'video_bitrate_in_kbps': 449, 'video_codec': 'theora', 'error_class': None, 'md5_checksum': None, 'format': 'ogg', 'updated_at': '2016-09-23T20:23:57Z', 'fragment_duration_in_ms': None, 'rfc_6381_video_codec': None, 'rfc_6381_audio_codec': 'vorbis', 'width': 560, 'channels': '1', 'error_message': None, 'privacy': False, 'height': 320, 'audio_codec': 'vorbis', 'audio_sample_rate': 48000, 'finished_at': '2016-09-23T20:23:57Z', 'created_at': '2016-09-23T20:23:46Z', 'frame_rate': 30.0, 'duration_in_ms': 5000, 'id': 1013956264, 'label': None}], 'test': True, 'privacy': False, 'input_media_file': {'state': 'finished', 'audio_bitrate_in_kbps': 83, 'test': True, 'total_bitrate_in_kbps': 548, 'url': 'http://s3.amazonaws.com/devcuriositymachine/videos/a3ac7ddabb263c2d00b73e8177d15c8d', 'file_size_bytes': 383631, 'video_bitrate_in_kbps': 465, 'video_codec': 'h264', 'error_class': None, 'md5_checksum': None, 'format': 'mpeg4', 'updated_at': '2016-09-23T20:23:50Z', 'created_at': '2016-09-23T20:23:46Z', 'width': 560, 'channels': '1', 'error_message': None, 'privacy': False, 'height': 320, 'audio_codec': 'aac', 'audio_sample_rate': 48000, 'finished_at': '2016-09-23T20:23:50Z', 'audio_tracks': None, 'frame_rate': 30.0, 'duration_in_ms': 5568, 'id': 302060755}, 'thumbnails': [{'updated_at': '2016-09-23T20:24:03Z', 'url': 'https://zencoder-temp-storage-us-east-1.s3.amazonaws.com/t/20160923/27c30d45a07e93caaee6fdea693630c6/frame_0003.jpg?X-Amz-Algorithm=AWS4-HMAC-SHA256&X-Amz-Credential=AKIAI456JQ76GBU7FECA%2F20160923%2Fus-east-1%2Fs3%2Faws4_request&X-Amz-Date=20160923T202456Z&X-Amz-Expires=86346&X-Amz-SignedHeaders=host&X-Amz-Signature=3dc2206a264563bc760cdeddc104172016c3a9c9ba70aebf38053db9f1da8554', 'height': 320, 'width': 560, 'group_label': 'thumbnail', 'file_size_bytes': 18258, 'id': 1907579800, 'created_at': '2016-09-23T20:24:03Z', 'format': 'jpg'}, {'updated_at': '2016-09-23T20:24:03Z', 'url': 'https://zencoder-temp-storage-us-east-1.s3.amazonaws.com/t/20160923/27c30d45a07e93caaee6fdea693630c6/frame_0002.jpg?X-Amz-Algorithm=AWS4-HMAC-SHA256&X-Amz-Credential=AKIAI456JQ76GBU7FECA%2F20160923%2Fus-east-1%2Fs3%2Faws4_request&X-Amz-Date=20160923T202456Z&X-Amz-Expires=86346&X-Amz-SignedHeaders=host&X-Amz-Signature=e31f0d693e464f97b40d92be164755abc00db4b6fe21f6336f30aa0183a76915', 'height': 320, 'width': 560, 'group_label': 'thumbnail', 'file_size_bytes': 17786, 'id': 1907579799, 'created_at': '2016-09-23T20:24:03Z', 'format': 'jpg'}, {'updated_at': '2016-09-23T20:24:03Z', 'url': 'https://zencoder-temp-storage-us-east-1.s3.amazonaws.com/t/20160923/27c30d45a07e93caaee6fdea693630c6/frame_0001.jpg?X-Amz-Algorithm=AWS4-HMAC-SHA256&X-Amz-Credential=AKIAI456JQ76GBU7FECA%2F20160923%2Fus-east-1%2Fs3%2Faws4_request&X-Amz-Date=20160923T202456Z&X-Amz-Expires=86346&X-Amz-SignedHeaders=host&X-Amz-Signature=c25d1bb816fe39e8f13758b7ff4d0b0207bf449a6e0ec08a36d45c9f1c3a8cfe', 'height': 320, 'width': 560, 'group_label': 'thumbnail', 'file_size_bytes': 17936, 'id': 1907579798, 'created_at': '2016-09-23T20:24:03Z', 'format': 'jpg'}, {'updated_at': '2016-09-23T20:24:03Z', 'url': 'https://zencoder-temp-storage-us-east-1.s3.amazonaws.com/t/20160923/27c30d45a07e93caaee6fdea693630c6/frame_0000.jpg?X-Amz-Algorithm=AWS4-HMAC-SHA256&X-Amz-Credential=AKIAI456JQ76GBU7FECA%2F20160923%2Fus-east-1%2Fs3%2Faws4_request&X-Amz-Date=20160923T202456Z&X-Amz-Expires=86346&X-Amz-SignedHeaders=host&X-Amz-Signature=c3df49ac01780b8d0e0eb1c6ce0a0968b5b6980c95a3814e947753e3f57cefdb', 'height': 320, 'width': 560, 'group_label': 'thumbnail', 'file_size_bytes': 18864, 'id': 1907579797, 'created_at': '2016-09-23T20:24:03Z', 'format': 'jpg'}], 'finished_at': '2016-09-23T20:24:03Z', 'updated_at': '2016-09-23T20:24:03Z', 'pass_through': None, 'id': 302089813, 'created_at': '2016-09-23T20:23:46Z', 'submitted_at': '2016-09-23T20:23:46Z'}}",
    "md5_hash": "a3ac7ddabb263c2d00b73e8177d15c8d",
    "source_url": "https://cdn.filestackcontent.com/qTBhgIK9RIW3MxM8RzZ2",
    "key": "videos/a3ac7ddabb263c2d00b73e8177d15c8d"
  },
  "pk": 2,
  "model": "videos.video"
},
{
  "fields": {
    "thumbnails": [
      32,
      31,
      33,
      34
    ],
    "raw_job_details": "{'job': {'output_media_files': [{'audio_bitrate_in_kbps': 51, 'error_class': None, 'rfc_6381_audio_codec': 'mp4a.40.2', 'privacy': False, 'created_at': '2016-09-29T18:44:05Z', 'audio_sample_rate': 48000, 'audio_codec': 'aac', 'label': None, 'test': True, 'height': 320, 'channels': '1', 'video_codec': 'h264', 'id': 1021616916, 'video_bitrate_in_kbps': 318, 'rfc_6381_video_codec': 'avc1.420016', 'state': 'finished', 'format': 'mpeg4', 'file_size_bytes': 237324, 'width': 560, 'md5_checksum': None, 'duration_in_ms': 5000, 'url': 'https://zencoder-temp-storage-us-east-1.s3.amazonaws.com/o/20160929/d94d79c79799fbfad004cc76b0e4c7fa/5685697867dbf2ac31d03ad7e962454c.mp4?X-Amz-Algorithm=AWS4-HMAC-SHA256&X-Amz-Credential=AKIAI456JQ76GBU7FECA%2F20160929%2Fus-east-1%2Fs3%2Faws4_request&X-Amz-Date=20160929T184508Z&X-Amz-Expires=86351&X-Amz-SignedHeaders=host&X-Amz-Signature=03074c677675a1aed44332ca106aa238875ed0e452c3b6e9cc8985185de7eb27', 'finished_at': '2016-09-29T18:44:19Z', 'error_message': None, 'total_bitrate_in_kbps': 369, 'updated_at': '2016-09-29T18:44:19Z', 'frame_rate': 30.0, 'fragment_duration_in_ms': None}, {'audio_bitrate_in_kbps': 69, 'error_class': None, 'rfc_6381_audio_codec': 'vorbis', 'privacy': False, 'created_at': '2016-09-29T18:44:05Z', 'audio_sample_rate': 48000, 'audio_codec': 'vorbis', 'label': None, 'test': True, 'height': 320, 'channels': '1', 'video_codec': 'theora', 'id': 1021616918, 'video_bitrate_in_kbps': 449, 'rfc_6381_video_codec': None, 'state': 'finished', 'format': 'ogg', 'file_size_bytes': 330985, 'width': 560, 'md5_checksum': None, 'duration_in_ms': 5000, 'url': 'https://zencoder-temp-storage-us-east-1.s3.amazonaws.com/o/20160929/82d7edadcffdad062d1c7af4f7565be9/d496c525f4d69716dc2d52b3adcd011d.ogg?X-Amz-Algorithm=AWS4-HMAC-SHA256&X-Amz-Credential=AKIAI456JQ76GBU7FECA%2F20160929%2Fus-east-1%2Fs3%2Faws4_request&X-Amz-Date=20160929T184508Z&X-Amz-Expires=86346&X-Amz-SignedHeaders=host&X-Amz-Signature=79755ef22a99586f88a68faced899be190ef0ec28694bc0af6af528e92ab5f3f', 'finished_at': '2016-09-29T18:44:14Z', 'error_message': None, 'total_bitrate_in_kbps': 518, 'updated_at': '2016-09-29T18:44:14Z', 'frame_rate': 30.0, 'fragment_duration_in_ms': None}], 'privacy': False, 'created_at': '2016-09-29T18:44:05Z', 'thumbnails': [{'group_label': 'thumbnail', 'format': 'jpg', 'url': 'https://zencoder-temp-storage-us-east-1.s3.amazonaws.com/t/20160929/f3589d32d5a1d00c1ebb4fa6ee10f8ed/frame_0003.jpg?X-Amz-Algorithm=AWS4-HMAC-SHA256&X-Amz-Credential=AKIAI456JQ76GBU7FECA%2F20160929%2Fus-east-1%2Fs3%2Faws4_request&X-Amz-Date=20160929T184508Z&X-Amz-Expires=86351&X-Amz-SignedHeaders=host&X-Amz-Signature=31c5f2cf6933cadbf0dfd2fa9b34b7d3535bc5bd87b0e474a8dcdf27084f3a52', 'file_size_bytes': 18258, 'height': 320, 'updated_at': '2016-09-29T18:44:19Z', 'id': 1913845668, 'width': 560, 'created_at': '2016-09-29T18:44:19Z'}, {'group_label': 'thumbnail', 'format': 'jpg', 'url': 'https://zencoder-temp-storage-us-east-1.s3.amazonaws.com/t/20160929/f3589d32d5a1d00c1ebb4fa6ee10f8ed/frame_0002.jpg?X-Amz-Algorithm=AWS4-HMAC-SHA256&X-Amz-Credential=AKIAI456JQ76GBU7FECA%2F20160929%2Fus-east-1%2Fs3%2Faws4_request&X-Amz-Date=20160929T184508Z&X-Amz-Expires=86351&X-Amz-SignedHeaders=host&X-Amz-Signature=6f29735f15b0703caf7b400f17b6e11fc435fe5ad868ef4a0ce052249371fc1b', 'file_size_bytes': 17786, 'height': 320, 'updated_at': '2016-09-29T18:44:19Z', 'id': 1913845666, 'width': 560, 'created_at': '2016-09-29T18:44:19Z'}, {'group_label': 'thumbnail', 'format': 'jpg', 'url': 'https://zencoder-temp-storage-us-east-1.s3.amazonaws.com/t/20160929/f3589d32d5a1d00c1ebb4fa6ee10f8ed/frame_0001.jpg?X-Amz-Algorithm=AWS4-HMAC-SHA256&X-Amz-Credential=AKIAI456JQ76GBU7FECA%2F20160929%2Fus-east-1%2Fs3%2Faws4_request&X-Amz-Date=20160929T184508Z&X-Amz-Expires=86351&X-Amz-SignedHeaders=host&X-Amz-Signature=9ae355da8111c852dd456349a46882601af92f33266732ed2ae20efa96e92553', 'file_size_bytes': 17936, 'height': 320, 'updated_at': '2016-09-29T18:44:19Z', 'id': 1913845664, 'width': 560, 'created_at': '2016-09-29T18:44:19Z'}, {'group_label': 'thumbnail', 'format': 'jpg', 'url': 'https://zencoder-temp-storage-us-east-1.s3.amazonaws.com/t/20160929/f3589d32d5a1d00c1ebb4fa6ee10f8ed/frame_0000.jpg?X-Amz-Algorithm=AWS4-HMAC-SHA256&X-Amz-Credential=AKIAI456JQ76GBU7FECA%2F20160929%2Fus-east-1%2Fs3%2Faws4_request&X-Amz-Date=20160929T184508Z&X-Amz-Expires=86351&X-Amz-SignedHeaders=host&X-Amz-Signature=ca64c5322d6e60b61bf9e09eedb249786430a7968aa7e4ca851c88d0ee8065e2', 'file_size_bytes': 18864, 'height': 320, 'updated_at': '2016-09-29T18:44:19Z', 'id': 1913845663, 'width': 560, 'created_at': '2016-09-29T18:44:19Z'}], 'test': True, 'state': 'finished', 'submitted_at': '2016-09-29T18:44:05Z', 'finished_at': '2016-09-29T18:44:19Z', 'id': 304135978, 'pass_through': None, 'updated_at': '2016-09-29T18:44:19Z', 'input_media_file': {'audio_bitrate_in_kbps': 83, 'error_class': None, 'privacy': False, 'created_at': '2016-09-29T18:44:05Z', 'audio_sample_rate': 48000, 'audio_codec': 'aac', 'test': True, 'height': 320, 'channels': '1', 'video_codec': 'h264', 'id': 304106920, 'video_bitrate_in_kbps': 465, 'state': 'finished', 'format': 'mpeg4', 'file_size_bytes': 383631, 'width': 560, 'md5_checksum': None, 'duration_in_ms': 5568, 'url': 'http://s3.amazonaws.com/devcuriositymachine/videos/a3ac7ddabb263c2d00b73e8177d15c8d', 'audio_tracks': None, 'error_message': None, 'total_bitrate_in_kbps': 548, 'updated_at': '2016-09-29T18:44:09Z', 'frame_rate': 30.0, 'finished_at': '2016-09-29T18:44:09Z'}}}",
    "md5_hash": "a3ac7ddabb263c2d00b73e8177d15c8d",
    "source_url": "https://cdn.filestackcontent.com/qscxOdnRPiBbpj6QtsMC",
    "key": "videos/a3ac7ddabb263c2d00b73e8177d15c8d"
  },
  "pk": 3,
  "model": "videos.video"
},
{
  "fields": {
    "width": 474,
    "height": 348,
    "video": 1,
    "raw_encoding_details": "{'height': 348, 'width': 474, 'audio_bitrate_in_kbps': 45, 'total_bitrate_in_kbps': 199, 'updated_at': '2014-12-08T14:20:51Z', 'error_class': None, 'md5_checksum': None, 'created_at': '2014-12-08T14:20:29Z', 'format': 'mpeg4', 'privacy': False, 'channels': '1', 'test': True, 'video_codec': 'h264', 'label': None, 'url': 'https://zencoder-temp-storage-us-east-1.s3.amazonaws.com/o/20141208/1f1bc3f6bc05057cc5a3e86106273819/06378d8a87b0e6d89334458311bb9e48.mp4?AWSAccessKeyId=AKIAI456JQ76GBU7FECA&Signature=DqLBPcNb4GfXnEYvUBMFx1XBEog%3D&Expires=1418134851', 'error_message': None, 'audio_codec': 'aac', 'file_size_bytes': 131367, 'duration_in_ms': 5000, 'finished_at': '2014-12-08T14:20:51Z', 'video_bitrate_in_kbps': 154, 'frame_rate': 10.0, 'id': 386775161, 'audio_sample_rate': 44100, 'state': 'finished'}",
    "mime_type": "video/mp4",
    "key": "videos/videos/81976df78883dc77a6ecf0f239a2e47e.mp4"
  },
  "pk": 1,
  "model": "videos.encodedvideo"
},
{
  "fields": {
    "width": 474,
    "height": 348,
    "video": 1,
    "raw_encoding_details": "{'height': 348, 'width': 474, 'audio_bitrate_in_kbps': 62, 'total_bitrate_in_kbps': 230, 'updated_at': '2014-12-08T14:20:42Z', 'error_class': None, 'md5_checksum': None, 'created_at': '2014-12-08T14:20:29Z', 'format': 'ogg', 'privacy': False, 'channels': '1', 'test': True, 'video_codec': 'theora', 'label': None, 'url': 'https://zencoder-temp-storage-us-east-1.s3.amazonaws.com/o/20141208/bb78dd5cd1d22200c8322c0cd6ab513c/263262725336546b5150bb3542e5a570.ogg?AWSAccessKeyId=AKIAI456JQ76GBU7FECA&Signature=v9vOvf8zeI8ihPqjVnZCra5ioAc%3D&Expires=1418134841', 'error_message': None, 'audio_codec': 'vorbis', 'file_size_bytes': 150985, 'duration_in_ms': 5000, 'finished_at': '2014-12-08T14:20:41Z', 'video_bitrate_in_kbps': 168, 'frame_rate': 10.0, 'id': 386775162, 'audio_sample_rate': 44100, 'state': 'finished'}",
    "mime_type": "video/ogg",
    "key": "videos/videos/81976df78883dc77a6ecf0f239a2e47e.ogg"
  },
  "pk": 2,
  "model": "videos.encodedvideo"
},
{
  "fields": {
    "width": 560,
    "height": 320,
    "video": 2,
    "raw_encoding_details": "{'rfc_6381_video_codec': None, 'label': None, 'error_class': None, 'file_size_bytes': 330985, 'frame_rate': 30.0, 'channels': '1', 'audio_sample_rate': 48000, 'updated_at': '2016-09-23T20:23:57Z', 'md5_checksum': None, 'state': 'finished', 'test': True, 'height': 320, 'format': 'ogg', 'video_bitrate_in_kbps': 449, 'url': 'https://zencoder-temp-storage-us-east-1.s3.amazonaws.com/o/20160923/cab71aabc396280b96f1c626e1596800/8896eb4a56245ae3fa461c1e57bf06bc.ogg?X-Amz-Algorithm=AWS4-HMAC-SHA256&X-Amz-Credential=AKIAI456JQ76GBU7FECA%2F20160923%2Fus-east-1%2Fs3%2Faws4_request&X-Amz-Date=20160923T202456Z&X-Amz-Expires=86341&X-Amz-SignedHeaders=host&X-Amz-Signature=8841cc093ac79fb7481075ca1a93a0e57ca07f7f49bae0d6d394483280fedfd7', 'created_at': '2016-09-23T20:23:46Z', 'rfc_6381_audio_codec': 'vorbis', 'id': 1013956264, 'finished_at': '2016-09-23T20:23:57Z', 'duration_in_ms': 5000, 'audio_bitrate_in_kbps': 69, 'privacy': False, 'fragment_duration_in_ms': None, 'video_codec': 'theora', 'total_bitrate_in_kbps': 518, 'error_message': None, 'audio_codec': 'vorbis', 'width': 560}",
    "mime_type": "video/ogg",
    "key": "videos/videos/a3ac7ddabb263c2d00b73e8177d15c8d.ogg"
  },
  "pk": 3,
  "model": "videos.encodedvideo"
},
{
  "fields": {
    "width": 560,
    "height": 320,
    "video": 2,
    "raw_encoding_details": "{'file_size_bytes': 237324, 'frame_rate': 30.0, 'test': True, 'video_codec': 'h264', 'rfc_6381_audio_codec': 'mp4a.40.2', 'label': None, 'total_bitrate_in_kbps': 369, 'id': 1013956263, 'rfc_6381_video_codec': 'avc1.420016', 'width': 560, 'audio_bitrate_in_kbps': 51, 'created_at': '2016-09-23T20:23:46Z', 'audio_sample_rate': 48000, 'md5_checksum': None, 'height': 320, 'updated_at': '2016-09-23T20:24:03Z', 'state': 'finished', 'channels': '1', 'audio_codec': 'aac', 'video_bitrate_in_kbps': 318, 'privacy': False, 'error_class': None, 'error_message': None, 'url': 'https://zencoder-temp-storage-us-east-1.s3.amazonaws.com/o/20160923/f5106098b432be78143d3141d396f3f4/0de36700a30545e5564243ee33eb8f4e.mp4?X-Amz-Algorithm=AWS4-HMAC-SHA256&X-Amz-Credential=AKIAI456JQ76GBU7FECA%2F20160923%2Fus-east-1%2Fs3%2Faws4_request&X-Amz-Date=20160923T202456Z&X-Amz-Expires=86346&X-Amz-SignedHeaders=host&X-Amz-Signature=52fc7f9c5fe8560a981de821f1e0e13362df355855bd8d888148de2b1721ea24', 'finished_at': '2016-09-23T20:24:03Z', 'fragment_duration_in_ms': None, 'duration_in_ms': 5000, 'format': 'mpeg4'}",
    "mime_type": "video/mp4",
    "key": "videos/videos/a3ac7ddabb263c2d00b73e8177d15c8d.mp4"
  },
  "pk": 4,
  "model": "videos.encodedvideo"
},
{
  "fields": {
    "width": 560,
    "height": 320,
    "video": 3,
    "raw_encoding_details": "{'audio_sample_rate': 48000, 'updated_at': '2016-09-29T18:44:14Z', 'format': 'ogg', 'rfc_6381_audio_codec': 'vorbis', 'fragment_duration_in_ms': None, 'rfc_6381_video_codec': None, 'height': 320, 'audio_bitrate_in_kbps': 69, 'video_bitrate_in_kbps': 449, 'channels': '1', 'total_bitrate_in_kbps': 518, 'width': 560, 'test': True, 'error_class': None, 'finished_at': '2016-09-29T18:44:14Z', 'created_at': '2016-09-29T18:44:05Z', 'privacy': False, 'video_codec': 'theora', 'frame_rate': 30.0, 'file_size_bytes': 330985, 'md5_checksum': None, 'state': 'finished', 'url': 'https://zencoder-temp-storage-us-east-1.s3.amazonaws.com/o/20160929/82d7edadcffdad062d1c7af4f7565be9/d496c525f4d69716dc2d52b3adcd011d.ogg?X-Amz-Algorithm=AWS4-HMAC-SHA256&X-Amz-Credential=AKIAI456JQ76GBU7FECA%2F20160929%2Fus-east-1%2Fs3%2Faws4_request&X-Amz-Date=20160929T184508Z&X-Amz-Expires=86346&X-Amz-SignedHeaders=host&X-Amz-Signature=79755ef22a99586f88a68faced899be190ef0ec28694bc0af6af528e92ab5f3f', 'label': None, 'error_message': None, 'audio_codec': 'vorbis', 'duration_in_ms': 5000, 'id': 1021616918}",
    "mime_type": "video/ogg",
    "key": "videos/videos/a3ac7ddabb263c2d00b73e8177d15c8d.ogg"
  },
  "pk": 5,
  "model": "videos.encodedvideo"
},
{
  "fields": {
    "width": 560,
    "height": 320,
    "video": 3,
    "raw_encoding_details": "{'width': 560, 'file_size_bytes': 237324, 'state': 'finished', 'format': 'mpeg4', 'video_codec': 'h264', 'total_bitrate_in_kbps': 369, 'label': None, 'fragment_duration_in_ms': None, 'duration_in_ms': 5000, 'audio_codec': 'aac', 'created_at': '2016-09-29T18:44:05Z', 'id': 1021616916, 'md5_checksum': None, 'rfc_6381_video_codec': 'avc1.420016', 'channels': '1', 'frame_rate': 30.0, 'finished_at': '2016-09-29T18:44:19Z', 'test': True, 'error_message': None, 'audio_bitrate_in_kbps': 51, 'height': 320, 'updated_at': '2016-09-29T18:44:19Z', 'privacy': False, 'audio_sample_rate': 48000, 'url': 'https://zencoder-temp-storage-us-east-1.s3.amazonaws.com/o/20160929/d94d79c79799fbfad004cc76b0e4c7fa/5685697867dbf2ac31d03ad7e962454c.mp4?X-Amz-Algorithm=AWS4-HMAC-SHA256&X-Amz-Credential=AKIAI456JQ76GBU7FECA%2F20160929%2Fus-east-1%2Fs3%2Faws4_request&X-Amz-Date=20160929T184508Z&X-Amz-Expires=86351&X-Amz-SignedHeaders=host&X-Amz-Signature=03074c677675a1aed44332ca106aa238875ed0e452c3b6e9cc8985185de7eb27', 'rfc_6381_audio_codec': 'mp4a.40.2', 'video_bitrate_in_kbps': 318, 'error_class': None}",
    "mime_type": "video/mp4",
    "key": "videos/videos/a3ac7ddabb263c2d00b73e8177d15c8d.mp4"
  },
  "pk": 6,
  "model": "videos.encodedvideo"
}
]
